precision, steps
0.001,23
0.0001,32
0.00001,42
0.000001,51
0.0000001,60
0.00000001,69
0.000000001,78
0.0000000001,88
0.00000000001,97
0.000000000001,107